"Related posts","Related posts"
Categories:,Categories:
"Read more","Read more"
"Read %1","Read %1"
Previous,Previous
Next,Next
"Related Articles","Related Articles"
"Related Products","Related Products"
"Add to Cart","Add to Cart"
"In stock","In stock"
"Out of stock","Out of stock"
"Add to Wish List","Add to Wish List"
"Add to Compare","Add to Compare"
Categories,Categories
Search,Search
Search...,Search...
"We can't find products matching the selection.","We can't find products matching the selection."
"Quick View","Quick View"
Availability:,Availability:
"Learn More","Learn More"
"Hello, %s","Hello, %s"
"Hello! Sign in","Hello! Sign in"
Change,Change
"Toggle Nav","Toggle Nav"
Timer,Timer
