"We can't find products matching the selection.","We can't find products matching the selection."
"Quick View","Quick View"
"Add to Cart","Add to Cart"
"In stock","In stock"
"Out of stock","Out of stock"
"Add to Wish List","Add to Wish List"
Wishlist,Wishlist
"Add to Compare","Add to Compare"
Compare,Compare
Availability:,Availability:
"Learn More","Learn More"
"Related Products","Related Products"
"Upsell Products","Upsell Products"
"More Choices:","More Choices:"
"New Products","New Products"
"Check items to add to the cart or","Check items to add to the cart or"
"select all","select all"
"Hello, %s","Hello, %s"
"Hello! Sign in","Hello! Sign in"
Change,Change
"Back to Top","Back to Top"
"Toggle Nav","Toggle Nav"
"Posted by:","Posted by:"
"Read more","Read more"
"View more","View more"
Timer,Timer
"Custom Tab","Custom Tab"
